review_id,summary,pros,cons,rating,review_link,job_title,review_datetime,employment_status,is_current_employee,years_of_employment,location,advice_to_management,helpful_count,not_helpful_count,business_outlook_rating,career_opportunities_rating,ceo_rating,compensation_and_benefits_rating,culture_and_values_rating,diversity_and_inclusion_rating,recommend_to_friend_rating,senior_management_rating,work_life_balance_rating,language
102542311,Don't join contract,Ijp Schedule Ot incentives Hike,"Politics, Language preference Break time is 45 minutes",4,https://www.glassdoor.com/Reviews/Employee-Review--RVW102542311.htm,Customer Support,2026-01-28T20:59:41.210Z,CONTRACT,True,1,Marathahalli,Increase 1 hour break to 1 hour 15 minutes,0,0,POSITIVE,4.0,NO_OPINION,4.0,4.0,4.0,POSITIVE,4.0,4.0,eng
102541104,Fairly good workplace,"Job stability once you get a permanent full-time contract
Reasonable perks
Efficient HR responses
Good facilities",Not too much flexibility with working hours,4,https://www.glassdoor.com/Reviews/Employee-Review--RVW102541104.htm,Customer Service Representative,2026-01-28T19:29:30.707Z,REGULAR,True,2,"Toronto, ON",N/A,0,0,NEUTRAL,4.0,NO_OPINION,2.0,4.0,4.0,POSITIVE,5.0,2.0,eng
102540524,Good,excellent salary for a student for just knowing how to speak english,"depends on the account you are working for 
my account cons were achieving and still getting asked for more and the bad management",4,https://www.glassdoor.com/Reviews/Employee-Review--RVW102540524.htm,Customer Service Representative,2026-01-28T18:48:34.713Z,REGULAR,False,1,"Cairo, Cairo Governorate",be easy on your employees,0,0,,,,,,,,,,eng
102540082,Its not a bad position,"work from home, good breaks good hours plenty of OT if you want it.","quota set too high, limited timeframes for calls and after calls, not enough suppoer for new agents on the floor, no choice in all the OT or when we do the OT, way too hard to get commission",3,https://www.glassdoor.com/Reviews/Employee-Review--RVW102540082.htm,OnStar BBWC Advisor,2026-01-28T18:17:53.777Z,REGULAR,True,1,"Fort Wayne, IN",give more options on when mandated OT can be done more help to new agents,0,0,NEUTRAL,1.0,NO_OPINION,2.0,2.0,3.0,NEGATIVE,3.0,2.0,eng
102535899,Mis comentarios,Maquina de cafe y aire acondicionado,"Pocos breaks, y maquina esta desabastecida",4,https://www.glassdoor.com/Reviews/Employee-Review--RVW102535899.htm,Customer Service Agent,2026-01-28T13:48:20.867Z,REGULAR,True,1,"Lima, Lima Region",,0,0,POSITIVE,4.0,APPROVE,4.0,4.0,4.0,POSITIVE,4.0,4.0,eng
102535874,La mejor primera experiencia,"Excelente trato a su empleados y horarios flexibles, buenos beneficios.",Si vives un poco lejos puede que sea un poco difícil el tramo para llegar al site pero ya que cuentan con diferentes sedes en la ciudad no sería tan complicado.,5,https://www.glassdoor.com/Reviews/Employee-Review--RVW102535874.htm,Customer Service Agent,2026-01-28T13:47:10.337Z,REGULAR,True,1,"Lima, Lima Region",,0,0,POSITIVE,5.0,APPROVE,5.0,5.0,5.0,POSITIVE,5.0,5.0,eng
102535853,Encuesta,Muy buen ambiente de trabajo!,El aire acondicionado a veces es muy frío,5,https://www.glassdoor.com/Reviews/Employee-Review--RVW102535853.htm,Agent,2026-01-28T13:46:36.177Z,REGULAR,True,1,"Lima, Lima Region",,0,0,POSITIVE,5.0,APPROVE,5.0,5.0,5.0,POSITIVE,5.0,5.0,eng
102535837,Experience,"Best place to work, good environment",El Aire acondicionado muy fuerte,5,https://www.glassdoor.com/Reviews/Employee-Review--RVW102535837.htm,Customer Service Agent,2026-01-28T13:45:56.243Z,REGULAR,True,1,"Lima, Lima Region",Es bueno por ahora,0,0,POSITIVE,5.0,APPROVE,5.0,5.0,5.0,POSITIVE,5.0,5.0,eng
102535835,Review,"Planilla
Seguro
Aprendes sobre otras culturas y aumentas tu vocabulario","No hay restaurante 
Está un poco lejos de mi casa 😔",5,https://www.glassdoor.com/Reviews/Employee-Review--RVW102535835.htm,Agent,2026-01-28T13:45:50.027Z,REGULAR,True,1,"Lima, Lima Region",Implementen un restaurante (no tan caro porfa) una alianza con Sodexo o algo así,0,0,POSITIVE,5.0,APPROVE,5.0,5.0,5.0,POSITIVE,5.0,5.0,eng
102535810,Agents Experience,"Nice trainers, air condirtioning, nice coworkers and amazing security",Away from home and university,5,https://www.glassdoor.com/Reviews/Employee-Review--RVW102535810.htm,Agent,2026-01-28T13:44:50.863Z,REGULAR,True,1,"Lima, Lima Region",,0,0,POSITIVE,5.0,APPROVE,5.0,5.0,5.0,POSITIVE,5.0,5.0,eng
102535685,Bueno,"Buen ambiente laboral 
Buenas campañas
Pagan a tiempo",Campañas con bonos prometidos difícil casi imposible de alcanzar,2,https://www.glassdoor.com/Reviews/Employee-Review--RVW102535685.htm,Agent,2026-01-28T13:38:52.873Z,REGULAR,True,1,"Lima, Lima Region",Nada,0,0,POSITIVE,2.0,DISAPPROVE,2.0,2.0,2.0,POSITIVE,2.0,1.0,eng
102535430,And environment that encourages friendship,"As far as my personal experience, the people are nice. The whole training process was a good experience that combined new friendships and knowledge.",Probably the work hours are a bit longer than I'd like.,4,https://www.glassdoor.com/Reviews/Employee-Review--RVW102535430.htm,Operations Costumer Expert I,2026-01-28T13:26:00.747Z,REGULAR,True,1,"Lima, Lima Region",-,0,0,POSITIVE,3.0,NO_OPINION,4.0,5.0,5.0,POSITIVE,4.0,4.0,eng
102535290,Survey,"Flexible hours
Good benefits
Good work environment","Small premises
Too much traffic to get here
No areas for resting",5,https://www.glassdoor.com/Reviews/Employee-Review--RVW102535290.htm,Customer Service Representative,2026-01-28T13:19:02.217Z,REGULAR,True,2,"Lima, Lima Region",,0,0,POSITIVE,5.0,NO_OPINION,5.0,5.0,5.0,POSITIVE,5.0,5.0,eng
102535215,Great place to work .,"Good benefits
Good Work environment","Location
Location
Location 
Location
Location",5,https://www.glassdoor.com/Reviews/Employee-Review--RVW102535215.htm,agente callcenter,2026-01-28T13:16:16.137Z,REGULAR,True,2,"Lima, Lima Region",,0,0,POSITIVE,4.0,APPROVE,4.0,4.0,4.0,POSITIVE,4.0,4.0,eng
102535204,"Buena flexibilidad horaria, mala gestión de personal.","Flexibilidad horaria con estudios
Beneficios diversos
Ubicación céntrica","Mala gestión de personal
Desconexión forzada del exterior
Alta rotación de staff",5,https://www.glassdoor.com/Reviews/Employee-Review--RVW102535204.htm,Agent,2026-01-28T13:15:28.360Z,REGULAR,True,2,"Lima, Lima Region","Sueldos más competitivos, métricas más claras, mejor gestión de agentes.",0,0,POSITIVE,4.0,NO_OPINION,4.0,4.0,5.0,POSITIVE,3.0,2.0,eng
102533740,Great place to work,"Buena empresa para trabajar, flexibles",Algo apartado el lugar de trabajo,5,https://www.glassdoor.com/Reviews/Employee-Review--RVW102533740.htm,Content Moderator,2026-01-28T12:07:44.213Z,REGULAR,True,1,"Bogotá, Bogota",,0,0,,,,5.0,4.0,5.0,,5.0,4.0,eng
102533647,Emotions and Experience Activity,Fue una actividad muy dinámica y divertida que ayuda a salir de la monotonía y recargar energías para continuar,No veo ningún contra en la actividad,5,https://www.glassdoor.com/Reviews/Employee-Review--RVW102533647.htm,Content Moderator,2026-01-28T12:04:14.503Z,REGULAR,True,1,"Bogotá, Bogota","No hay ninguno, la actividad fue muy completa",0,0,,5.0,APPROVE,5.0,5.0,5.0,POSITIVE,5.0,5.0,eng
102533622,Buen ambiente laboral,"La empresa cuenta con un buen ambiente laboral, diversas actividades y apoyos.",Dan poco tiempo de break.,5,https://www.glassdoor.com/Reviews/Employee-Review--RVW102533622.htm,Operations Customer Expert 1,2026-01-28T12:03:08.967Z,REGULAR,True,1,"Bogotá, Bogota",Mejorar un poco el tiempo de descanso.,0,0,POSITIVE,4.0,APPROVE,5.0,5.0,5.0,POSITIVE,5.0,4.0,eng
102533610,Excelente,Un excelente ambiente laboral que se preocupa por sus empleados,Más dinamismo respecto a la elección de horarios,5,https://www.glassdoor.com/Reviews/Employee-Review--RVW102533610.htm,Content Moderator,2026-01-28T12:02:18.947Z,REGULAR,True,6,"Bogotá, Bogota",No reducir beneficios para los empleados,0,0,POSITIVE,5.0,APPROVE,5.0,5.0,5.0,POSITIVE,5.0,5.0,eng
102533605,Good laboral environment,Good place to work 👍🏽,"Anything, everything is ok and cool",5,https://www.glassdoor.com/Reviews/Employee-Review--RVW102533605.htm,Content Moderator,2026-01-28T12:02:04.830Z,REGULAR,True,1,"Bogotá, Bogota",,0,0,POSITIVE,5.0,APPROVE,5.0,5.0,5.0,POSITIVE,5.0,5.0,eng
102533578,Excelente ambiente laboral,Las actividades a realizar considero son adecuadas para mantener un espacio laboral sano y activo.,Las actividades podrían incluir el ámbito conversacional para fortalecer el juego y la dinámica.,5,https://www.glassdoor.com/Reviews/Employee-Review--RVW102533578.htm,Content Moderator,2026-01-28T12:01:06.477Z,REGULAR,True,1,"Bogotá, Bogota",Sugiero dedicar un espacio un poco más prolongado para este tipo de dinámicas.,0,0,POSITIVE,5.0,APPROVE,4.0,5.0,5.0,POSITIVE,5.0,5.0,eng
102533570,Tp sup review,"You have excellent benefits as worker in Tp, the work environment is great, the payment is puntual and nice.",Some of the benefits are not working currently.,4,https://www.glassdoor.com/Reviews/Employee-Review--RVW102533570.htm,Supervisor,2026-01-28T12:00:38.567Z,CONTRACT,True,4,"Bogota, Cundinamarca",,0,0,POSITIVE,4.0,NO_OPINION,5.0,3.0,5.0,POSITIVE,4.0,3.0,eng
102533546,Good laboral enviroment,Pretty good enviroment and people,"Everything was awesome, nothing to complaint",5,https://www.glassdoor.com/Reviews/Employee-Review--RVW102533546.htm,,2026-01-28T11:59:41.583Z,REGULAR,True,1,,No,0,0,POSITIVE,5.0,APPROVE,5.0,5.0,5.0,POSITIVE,5.0,5.0,eng
102533540,Buen ambiente laboral,"Lindas instalaciones y excelente ambiente, muy tranquilo y cómodo",Cómo sugerencia me gustaría más conversación,4,https://www.glassdoor.com/Reviews/Employee-Review--RVW102533540.htm,Content Moderator,2026-01-28T11:59:21.727Z,REGULAR,True,0,,,0,0,,,,,,,,,,eng
102533529,Great and funny time at work,It's great to have fun at work and know coworkers that can become great friends,There are any cons for this,5,https://www.glassdoor.com/Reviews/Employee-Review--RVW102533529.htm,Content Moderator,2026-01-28T11:59:12.573Z,REGULAR,True,1,"Bogotá, Bogota",Any,0,0,POSITIVE,5.0,APPROVE,5.0,5.0,5.0,POSITIVE,5.0,5.0,eng
102527713,Great if you need just anything and fast,The timeline from applying to getting hired was really fast. The interview was one of the easiest I've experienced as there were no real interview questions. I was only asked about my internet at home and when I could start.,"The company is very disorganized, the training is not as in depth as it should be, and the management team is horrible. There is no communication and they have a fake ""open-door"" policy. The pay is minimum and they try to force you into promotions w/o pay increases.",2,https://www.glassdoor.com/Reviews/Employee-Review--RVW102527713.htm,,2026-01-28T07:45:11.813Z,REGULAR,False,1,,,0,0,,,,,,,,,,eng
102521047,Feedback,Good environment and echo friendly,"So far my first day, everything was smooth",4,https://www.glassdoor.com/Reviews/Employee-Review--RVW102521047.htm,Customer Service Representative (CSR),2026-01-28T01:08:25.723Z,REGULAR,True,0,,,0,0,POSITIVE,4.0,APPROVE,4.0,4.0,4.0,POSITIVE,4.0,4.0,eng
102515491,Terrible job,"Good training program and instructors,",Terrible work environment. Will let you go for not making sales.,1,https://www.glassdoor.com/Reviews/Employee-Review--RVW102515491.htm,,2026-01-27T17:26:22.707Z,REGULAR,False,0,,,0,0,,,,,,,,,,eng
102512762,Great Oppurtunity,"Flexible schedule, opportunity to advance, work from home environment.",I would really appreciate more competitive wages.,3,https://www.glassdoor.com/Reviews/Employee-Review--RVW102512762.htm,Desktop Support Technician,2026-01-27T14:17:45.170Z,REGULAR,True,2,"El Paso, TX",Consider the workload of a position when considering the pay rate.,0,0,,,,,,,,,,eng
102511558,Working at TP,"Guarantee 40 hours
Working environment is great","Not enough OT, but still a great job place to work.",5,https://www.glassdoor.com/Reviews/Employee-Review--RVW102511558.htm,Desktop and Site Support Technician II,2026-01-27T13:11:55.100Z,REGULAR,True,20,"Warren, MI",Keep up with the great work that you do.,0,0,POSITIVE,5.0,APPROVE,4.0,5.0,5.0,POSITIVE,5.0,5.0,eng
102508846,Good starting point,Good work life balance and work hours,Lots of micromanaging with unrealistic expectations and targets,2,https://www.glassdoor.com/Reviews/Employee-Review--RVW102508846.htm,Digital Marketing Specialist,2026-01-27T10:58:46.277Z,REGULAR,True,2,"Toronto, ON",,0,0,NEUTRAL,1.0,,1.0,2.0,3.0,NEGATIVE,1.0,5.0,eng
102507942,Buena empresa y rápida para los procesos,"- Mi campaña ofrecia un entrenamiento preciso y muy práctico
- Los entrenadores muy comprensivos y serviciales
- El pequeño espacio de adaptación a operaciones fue muy útil","- La campaña presenta un alto flujo de llamadas que pueden durar hasta dos horas cada una
- No se puede colgar las llamadas antes de que el cliente acabe el servicio, por lo que la mayoría de días debí hacer tiempo extra",4,https://www.glassdoor.com/Reviews/Employee-Review--RVW102507942.htm,Interpretor,2026-01-27T10:21:46.190Z,PART_TIME,False,1,"Cali, Valle del Cauca",,0,0,,,,,,,,,,eng
102507708,trash,they pay good &amp; have daily pay. training is paid as well,they will fire you without notice or reason,1,https://www.glassdoor.com/Reviews/Employee-Review--RVW102507708.htm,Field Representative,2026-01-27T10:12:24.713Z,TEMPORARY,False,0,"Lakeland Highlands, FL",,0,0,,1.0,,4.0,1.0,1.0,,1.0,1.0,eng
102506279,Ventas,"Me gusta el espacio, el ambiente de trabajo y la metodología de pago",La variación entre campañas no te garantiza un empleo cuando te interesa permanecer durante mucho tiempo.,5,https://www.glassdoor.com/Reviews/Employee-Review--RVW102506279.htm,Operations Customer Expert I,2026-01-27T09:13:34.663Z,REGULAR,True,2,"Bogotá, Bogota",NA,0,0,POSITIVE,5.0,APPROVE,5.0,5.0,5.0,POSITIVE,5.0,5.0,eng
102505396,Info,El crecimiento que permite en la empresa,Que falta fortalecer varios proyectos,4,https://www.glassdoor.com/Reviews/Employee-Review--RVW102505396.htm,Administrator,2026-01-27T08:39:01.610Z,CONTRACT,True,1,"Bogotá, Bogota",Implementar mas procesos,0,0,POSITIVE,4.0,APPROVE,4.0,4.0,4.0,POSITIVE,4.0,4.0,eng
102505362,Buen trabajo,Es una compañía que brinda estabilidad a las personas,El acceso a los ascensores son tediosos,5,https://www.glassdoor.com/Reviews/Employee-Review--RVW102505362.htm,Customer Service Representative,2026-01-27T08:37:52.580Z,REGULAR,True,2,"Bogotá, Bogota",Hacer más actividades lúdicas,0,0,POSITIVE,4.0,APPROVE,4.0,4.0,4.0,POSITIVE,4.0,4.0,eng
102505341,Espacios cómodos,Buenos espacios y oportunidades para primer empleo.,"Algunos horarios, bajos salarios que manejan algunas campañas",4,https://www.glassdoor.com/Reviews/Employee-Review--RVW102505341.htm,Costumer Service,2026-01-27T08:37:22.907Z,REGULAR,True,2,"Bogotá, Bogota",Manejar la parte de los salarios para las campañas bilingües,0,0,POSITIVE,4.0,APPROVE,4.0,4.0,4.0,POSITIVE,3.0,3.0,eng
102504051,No thinking Human,"Free coffee machine, well structured training program","No thinking in their employees as human, do not take care of their talent like if they could have so much interested people in line",2,https://www.glassdoor.com/Reviews/Employee-Review--RVW102504051.htm,Customer Service Representative,2026-01-27T07:42:55.077Z,REGULAR,False,1,"Bogotá, Bogota","Understanding how humans works, why the dissconection moments are importante, 30 min lunch for a place with ovens and lockers away from workplace is not friendly",0,0,,1.0,APPROVE,4.0,1.0,5.0,NEGATIVE,1.0,2.0,eng
102501869,Overall good,Good career progression with clear targets,"Not many cons, high turnover",4,https://www.glassdoor.com/Reviews/Employee-Review--RVW102501869.htm,Technical Support - Genius Bar,2026-01-27T06:07:56.607Z,REGULAR,False,0,"San Jose, San Jose",,0,0,,,,,,,,,,eng
102495677,Worst place,Yes no and sometimes yes,Rien a signaling  cause lelo faux,5,https://www.glassdoor.com/Reviews/Employee-Review--RVW102495677.htm,Customer Service Representative,2026-01-27T00:18:51.137Z,REGULAR,True,2,"Athens, Athens, Attica",,0,0,,,,,,,,,,eng
102495677,Worst place,Yes no and sometimes yes,Rien a signaling  cause lelo faux,5,https://www.glassdoor.com/Reviews/Employee-Review--RVW102495677.htm,Customer Service Representative,2026-01-27T00:18:51.137Z,REGULAR,True,2,"Athens, Athens, Attica",,0,0,,,,,,,,,,eng
102473028,Experience,Good salary good commission transportation allowance,"Sme's rudeness and unhelpfullnes, stressfull jop,working hours to match us timing,",3,https://www.glassdoor.com/Reviews/Employee-Review--RVW102473028.htm,Customer Service Representative,2026-01-25T23:13:27.480Z,REGULAR,False,1,"Cairo, Cairo Governorate",,0,0,,2.0,,4.0,2.0,3.0,NEGATIVE,2.0,1.0,eng
102472941,Don’t bother,Free coffee while on site,Literally anything and everything you can think of,1,https://www.glassdoor.com/Reviews/Employee-Review--RVW102472941.htm,Customer Service Representative (CSR),2026-01-25T23:01:59.783Z,REGULAR,False,4,"Waterloo, ON",Do better,0,0,,,,,,,,,,eng
102472828,Toxic,"Remote, flexible , diversity,good, people","Low pay

High stress

Angry customers

Strict rules

Repetitive work

Burnout risk

Limited growth

Tough schedules

Constant monitoring",2,https://www.glassdoor.com/Reviews/Employee-Review--RVW102472828.htm,Specialist,2026-01-25T22:45:11.487Z,PART_TIME,True,0,"Montreal, QC",,1,0,,1.0,DISAPPROVE,1.0,4.0,4.0,,1.0,1.0,eng
102468705,Una buena opción solo para comenzar,Los pagos se hacen a tiempo y son cumplidos con las prestaciones,El trabajo es muy pesado y la paga no es tan buena,3,https://www.glassdoor.com/Reviews/Employee-Review--RVW102468705.htm,Customer Service Representative (CSR),2026-01-25T14:01:18.077Z,REGULAR,True,2,"Colombia, Cundinamarca",,1,0,,,,,,,,,,eng
102466414,Only good for CV,"Stable-ish position, Good as a first interpreting job and they train you before you start.","0 life-work balance, They Pay poorly for what you do. The staff has zero communication among themselves and they have questionable policies.",3,https://www.glassdoor.com/Reviews/Employee-Review--RVW102466414.htm,Interpreter,2026-01-25T10:03:26.097Z,REGULAR,True,1,,"Improve the communication between team leaders, increase the pay and just in general take more care of your employees.",0,0,POSITIVE,3.0,NO_OPINION,3.0,3.0,4.0,NEGATIVE,2.0,1.0,eng
102466222,Review,"Punctual 
salary
International envriroment
14 salaries","Low pay and
Repetitive job",3,https://www.glassdoor.com/Reviews/Employee-Review--RVW102466222.htm,Customer Service Representative,2026-01-25T09:43:59.820Z,REGULAR,False,2,"Thessaloníki, Western Macedonia",None,0,0,,,,,,,,,,eng
102465580,Supportive Peers,Teleperformance Good tech support learning.,Sometimes Call pressure builds resilience.,5,https://www.glassdoor.com/Reviews/Employee-Review--RVW102465580.htm,Technical Helpdesk,2026-01-25T08:38:25.360Z,REGULAR,True,2,SAS Nagar,,0,0,POSITIVE,5.0,APPROVE,5.0,5.0,5.0,POSITIVE,5.0,5.0,eng
102465450,Consistent Learning,Client handling builds confidence and bond.,High expectations grow communication skills.,5,https://www.glassdoor.com/Reviews/Employee-Review--RVW102465450.htm,Client Relations Executive,2026-01-25T08:24:58.433Z,REGULAR,True,4,Mumbai,,0,0,POSITIVE,5.0,APPROVE,5.0,5.0,5.0,POSITIVE,5.0,5.0,eng
102465340,Good Team Environment,Training coordination exposure is helpful.,Tight schedule' s improve organisation.,5,https://www.glassdoor.com/Reviews/Employee-Review--RVW102465340.htm,Learning Coordinator,2026-01-25T08:11:31.387Z,REGULAR,True,2,Bengaluru,,0,0,POSITIVE,5.0,APPROVE,5.0,5.0,5.0,POSITIVE,5.0,5.0,eng
102465243,Encouraging Workplace,Tool exposure and workflow clarity.,company System lag improves patience.,5,https://www.glassdoor.com/Reviews/Employee-Review--RVW102465243.htm,CRM Executive,2026-01-25T08:00:42.987Z,REGULAR,True,2,Chennai,,0,0,POSITIVE,5.0,APPROVE,5.0,5.0,5.0,POSITIVE,5.0,5.0,eng
102465168,Skill Growth Role,Great Team coordination experience gained.,Good Peak rush builds leadership.,5,https://www.glassdoor.com/Reviews/Employee-Review--RVW102465168.htm,Floor Coordinator,2026-01-25T07:52:19.597Z,REGULAR,True,2,"Gurgaon, Haryana",,0,0,POSITIVE,5.0,APPROVE,5.0,5.0,5.0,POSITIVE,5.0,,eng
102465122,Nice Office Vibes,Clear QA framework and learning.,Strict checks enhance consistency here.,5,https://www.glassdoor.com/Reviews/Employee-Review--RVW102465122.htm,Quality Reviewer,2026-01-25T07:46:56.477Z,REGULAR,True,2,SAS Nagar,,0,0,POSITIVE,5.0,APPROVE,5.0,5.0,5.0,POSITIVE,5.0,5.0,eng
102465051,Healthy Team Culture,Good customer interaction and coaching.,Everytime Target s motivate performance.,5,https://www.glassdoor.com/Reviews/Employee-Review--RVW102465051.htm,Customer Success Executive,2026-01-25T07:38:33.787Z,REGULAR,True,2,"Jaipur, Assam",NA,0,0,POSITIVE,5.0,APPROVE,5.0,5.0,5.0,POSITIVE,5.0,5.0,eng
102464989,Learning Focused Role,Planning exposure is valuable in Teleperformance.,Ofc Shift rotations improve adaptability.,5,https://www.glassdoor.com/Reviews/Employee-Review--RVW102464989.htm,Scheduling Analyst,2026-01-25T07:33:22.120Z,REGULAR,True,2,Bengaluru,,0,0,POSITIVE,5.0,APPROVE,5.0,5.0,5.0,POSITIVE,5.0,5.0,eng
102464966,Good Corporate Start,Structured HR processes and teamwork.,Slow approvals teach patience here.,5,https://www.glassdoor.com/Reviews/Employee-Review--RVW102464966.htm,HR Operations - Executive,2026-01-25T07:31:21.300Z,REGULAR,True,2,Indore,,0,0,POSITIVE,5.0,APPROVE,5.0,5.0,5.0,POSITIVE,5.0,5.0,eng
102464935,Supportive Work Space,Direct client exposure with support.,some times Pressure builds professionalism .,5,https://www.glassdoor.com/Reviews/Employee-Review--RVW102464935.htm,Client Support Associate,2026-01-25T07:28:10.820Z,REGULAR,True,2,Pune,,0,0,POSITIVE,5.0,APPROVE,5.0,5.0,5.0,POSITIVE,5.0,5.0,eng
102464899,Strong Team Bond,Strong reporting tools and guidance.,Detailed reports sharpen accuracy in TP .,5,https://www.glassdoor.com/Reviews/Employee-Review--RVW102464899.htm,Reporting Analyst,2026-01-25T07:25:24.433Z,REGULAR,True,2,Chennai,,0,0,POSITIVE,5.0,APPROVE,5.0,5.0,5.0,POSITIVE,5.0,5.0,eng
102464879,Fast Paced Learning,Helpful seniors and tech learning.,Long shifts improve endurance here.,5,https://www.glassdoor.com/Reviews/Employee-Review--RVW102464879.htm,Service Desk Analyst,2026-01-25T07:22:56.367Z,REGULAR,True,2,Vadodara,,0,0,POSITIVE,5.0,APPROVE,5.0,5.0,5.0,POSITIVE,5.0,5.0,eng
102464717,Great Team Support,Good forecasting experience in this company.,Busy schedules build strategy thinking.,5,https://www.glassdoor.com/Reviews/Employee-Review--RVW102464717.htm,Workforce Planner,2026-01-25T07:02:40.863Z,REGULAR,True,2,"Āgra, Uttar Pradesh",,0,0,POSITIVE,5.0,APPROVE,5.0,5.0,5.0,POSITIVE,5.0,5.0,eng
102464935,Supportive Work Space,Direct client exposure with support.,some times Pressure builds professionalism .,5,https://www.glassdoor.com/Reviews/Employee-Review--RVW102464935.htm,Client Support Associate,2026-01-25T07:28:10.820Z,REGULAR,True,2,Pune,,0,0,POSITIVE,5.0,APPROVE,5.0,5.0,5.0,POSITIVE,5.0,5.0,eng
102464899,Strong Team Bond,Strong reporting tools and guidance.,Detailed reports sharpen accuracy in TP .,5,https://www.glassdoor.com/Reviews/Employee-Review--RVW102464899.htm,Reporting Analyst,2026-01-25T07:25:24.433Z,REGULAR,True,2,Chennai,,0,0,POSITIVE,5.0,APPROVE,5.0,5.0,5.0,POSITIVE,5.0,5.0,eng
102464879,Fast Paced Learning,Helpful seniors and tech learning.,Long shifts improve endurance here.,5,https://www.glassdoor.com/Reviews/Employee-Review--RVW102464879.htm,Service Desk Analyst,2026-01-25T07:22:56.367Z,REGULAR,True,2,Vadodara,,0,0,POSITIVE,5.0,APPROVE,5.0,5.0,5.0,POSITIVE,5.0,5.0,eng
102464717,Great Team Support,Good forecasting experience in this company.,Busy schedules build strategy thinking.,5,https://www.glassdoor.com/Reviews/Employee-Review--RVW102464717.htm,Workforce Planner,2026-01-25T07:02:40.863Z,REGULAR,True,2,"Āgra, Uttar Pradesh",,0,0,POSITIVE,5.0,APPROVE,5.0,5.0,5.0,POSITIVE,5.0,5.0,eng
102464707,Solid Experience,Clear quality standards and learning opportunities.,"Reviews are strict, but improve performance.",5,https://www.glassdoor.com/Reviews/Employee-Review--RVW102464707.htm,Quality Analyst,2026-01-25T07:01:54.377Z,REGULAR,True,2,Calcutta,,0,0,,5.0,APPROVE,5.0,5.0,5.0,POSITIVE,,5.0,eng
102464641,Friendly Workplace,Great leadership exposure and strong team bonding.,"Workload rises, yet builds management skills.",5,https://www.glassdoor.com/Reviews/Employee-Review--RVW102464641.htm,Team Leader,2026-01-25T06:55:33.697Z,REGULAR,True,2,Noida,,0,0,,5.0,APPROVE,5.0,5.0,,POSITIVE,5.0,5.0,eng
102464629,Structured Learning,Organised work culture and helpful peers.,Paperwork teaches process flow here .,5,https://www.glassdoor.com/Reviews/Employee-Review--RVW102464629.htm,Admin Executive,2026-01-25T06:54:19.167Z,REGULAR,True,2,SAS Nagar,,0,0,POSITIVE,5.0,APPROVE,5.0,5.0,5.0,POSITIVE,5.0,5.0,eng
102464607,Good Career Start,Nice workplace culture and cooperative staff. HR tools are decent.,"Approvals take time, but processes are structured.",5,https://www.glassdoor.com/Reviews/Employee-Review--RVW102464607.htm,HR-Executive,2026-01-25T06:51:38.990Z,REGULAR,True,2,"Jaipur, Rajasthan",,0,0,,5.0,APPROVE,5.0,5.0,5.0,POSITIVE,5.0,,eng
102464565,Good Choice,"People nice, work interesting, happy here.",Busy days feel tiring .,5,https://www.glassdoor.com/Reviews/Employee-Review--RVW102464565.htm,Customer Support Associate,2026-01-25T06:46:22.880Z,REGULAR,True,2,Noida,,0,0,,5.0,APPROVE,5.0,5.0,,POSITIVE,,,eng
102464533,Career Path,Hard work leads to promotion chances.,Promotion takes time but fair.,5,https://www.glassdoor.com/Reviews/Employee-Review--RVW102464533.htm,Team Leader Operations,2026-01-25T06:42:55.130Z,REGULAR,True,2,"Gurgaon, Haryana",,0,0,POSITIVE,5.0,,5.0,5.0,5.0,POSITIVE,5.0,,eng
102462779,It was great experience working at TP.,Good working environment and nice work.,I am not sure about cons.,4,https://www.glassdoor.com/Reviews/Employee-Review--RVW102462779.htm,Customer Service Representative,2026-01-25T02:05:53.710Z,REGULAR,False,0,Indore,,0,0,,,,,,,,,,eng
102462692,great company,The culture and the workers are great,Nothing but the lockers are to confusing hahahaah,5,https://www.glassdoor.com/Reviews/Employee-Review--RVW102462692.htm,Customer Service Experts,2026-01-25T01:46:27.630Z,REGULAR,True,6,Cebu City,they are great and accommodating,0,0,POSITIVE,5.0,APPROVE,5.0,5.0,5.0,POSITIVE,5.0,5.0,eng
102462391,Supportive Team,Fast-paced work with good exposure. Colleagues are very supportive.,High call volume builds resilience over time.,5,https://www.glassdoor.com/Reviews/Employee-Review--RVW102462391.htm,Non Voice Process Associate,2026-01-25T00:45:15.953Z,REGULAR,True,2,Agrana Jarara,,0,0,POSITIVE,5.0,APPROVE,5.0,5.0,5.0,POSITIVE,5.0,5.0,eng
102462371,Great Learning Place,Friendly team and helpful managers. Training was smooth and supportive.,"Shifts can be long sometimes, but learning is strong.",5,https://www.glassdoor.com/Reviews/Employee-Review--RVW102462371.htm,Customer Support Executive,2026-01-25T00:40:28.037Z,REGULAR,True,4,SAS Nagar,Na,0,0,POSITIVE,5.0,APPROVE,5.0,5.0,5.0,POSITIVE,5.0,5.0,eng
102461684,Best for Support,Great work environment to work on.,No cabs for boys in the company,4,https://www.glassdoor.com/Reviews/Employee-Review--RVW102461684.htm,Customer Service Representative (CSR),2026-01-24T22:16:43.130Z,REGULAR,True,2,"Mohali, Punjab",,0,0,,4.0,APPROVE,4.0,3.0,4.0,POSITIVE,4.0,3.0,eng
102461380,Auto approve,ID distribution and card pass,Instant approval faster access to services,5,https://www.glassdoor.com/Reviews/Employee-Review--RVW102461380.htm,Customer Service Expert,2026-01-24T21:24:14.630Z,REGULAR,True,20,Cebu City,,0,0,POSITIVE,5.0,APPROVE,5.0,5.0,5.0,POSITIVE,5.0,5.0,eng
102461070,Grateful,The benefits and the incentives,For me I think the cafeteria in each floor that needs to have a coffee machine and also extra chair in the 7th floor,5,https://www.glassdoor.com/Reviews/Employee-Review--RVW102461070.htm,Customer Service Representative (CSR),2026-01-24T20:27:08.490Z,REGULAR,True,6,,N/A,0,0,POSITIVE,5.0,APPROVE,5.0,5.0,5.0,POSITIVE,5.0,4.0,eng
102459415,Review,"Newbie friendly, colleagues approachable and knowledgeable",No cons encounter at all,5,https://www.glassdoor.com/Reviews/Employee-Review--RVW102459415.htm,Customer Service Experts,2026-01-24T15:46:03.067Z,REGULAR,True,2,Davao,,0,0,POSITIVE,5.0,APPROVE,4.0,5.0,5.0,POSITIVE,4.0,4.0,eng
102459059,Good,Good place for working full time,Its same like any other company.,5,https://www.glassdoor.com/Reviews/Employee-Review--RVW102459059.htm,Client Service Representative,2026-01-24T14:53:14.407Z,REGULAR,True,0,,,0,0,,5.0,,,,,,,,eng
102457536,Fast paced client centric,"Work from home , good leadership",Focus on maximising quantity of cases with maintaining quality,4,https://www.glassdoor.com/Reviews/Employee-Review--RVW102457536.htm,Operations Customer Expert 1,2026-01-24T11:35:33.070Z,REGULAR,True,2,"Edinburgh, Scotland",,0,0,POSITIVE,4.0,APPROVE,3.0,3.0,3.0,POSITIVE,3.0,3.0,eng
102457536,Fast paced client centric,"Work from home , good leadership",Focus on maximising quantity of cases with maintaining quality,4,https://www.glassdoor.com/Reviews/Employee-Review--RVW102457536.htm,Operations Customer Expert 1,2026-01-24T11:35:33.070Z,REGULAR,True,2,"Edinburgh, Scotland",,0,0,POSITIVE,4.0,APPROVE,3.0,3.0,3.0,POSITIVE,3.0,3.0,eng
102455362,Pathetic Salary,"Remote work, Wok Life Balance","Low Salary despite having great skills, no incentives offers, no career growth scope.",2,https://www.glassdoor.com/Reviews/Employee-Review--RVW102455362.htm,Quality Analyst,2026-01-24T07:36:13.717Z,REGULAR,True,6,"Gurgaon, Haryana",Pay more and expect work,0,0,NEGATIVE,1.0,DISAPPROVE,1.0,1.0,1.0,NEGATIVE,1.0,2.0,eng
102452322,Good for freshers,"Good Work culture. 
Appreciation for work",No cons at this moment,3,https://www.glassdoor.com/Reviews/Employee-Review--RVW102452322.htm,,2026-01-24T00:49:31.500Z,REGULAR,False,0,,,0,0,,3.0,,3.0,3.0,3.0,,3.0,3.0,eng
102451640,Managment and HR systems are unprofessional,"Free snack and free drink
Dynamic environment","- Depends on the market you are working in, but in my Vietnam market, some of them are micromanagers, too emotional, and never put justice above. They only know themselves. Managers' lack of skills and experience.
- About the HR department, they work too slowly, and they don't even know the process, which makes us have to waste so much time and effort to catch up and complete the whole process by ourselves.",2,https://www.glassdoor.com/Reviews/Employee-Review--RVW102451640.htm,Customer Service Associate,2026-01-23T23:03:48.190Z,REGULAR,False,2,Pulau Pinang,,0,0,NEGATIVE,3.0,,3.0,3.0,3.0,NEGATIVE,3.0,2.0,eng
102449855,Short Term Holiday Spot for Young People Speaking Germanic Languages,Company accommodation if coming from abroad.,"Employees, including management, change too frequently, so in the end, nobody cares that you are human.
Most projects are moving to cheap labor countries.",2,https://www.glassdoor.com/Reviews/Employee-Review--RVW102449855.htm,Operations Customer Support,2026-01-23T18:52:55.120Z,REGULAR,False,6,"Lisbon, Lisbon District",Not going to bother.,0,0,NEGATIVE,,,,,,NEGATIVE,,,eng
102447200,Teleperformance,work from home &amp; flex schedules,feel like a number &amp; company is not employee friendly,3,https://www.glassdoor.com/Reviews/Employee-Review--RVW102447200.htm,,2026-01-23T14:27:10.093Z,REGULAR,True,20,"Irving, TX",start listening to staff that have been with company for at least 15+ years and.  Start training on new programs prior to changing over - be open to employee suggestions and just overall training as needed.,0,0,NEUTRAL,2.0,NO_OPINION,1.0,2.0,2.0,NEGATIVE,1.0,2.0,eng
102447143,Chat agent Enigma,Work from home - Salary,Only 1 free day - high number of contacts per day,5,https://www.glassdoor.com/Reviews/Employee-Review--RVW102447143.htm,Chat Agent,2026-01-23T14:23:27.257Z,REGULAR,False,2,"Bogotá, Bogota",,0,0,NEUTRAL,4.0,NO_OPINION,5.0,4.0,5.0,POSITIVE,5.0,4.0,eng
102444990,Worse company to be,cheap meal at the canteen,everything you can possiblity think of. Poor management and non qualified managers,1,https://www.glassdoor.com/Reviews/Employee-Review--RVW102444990.htm,Customer Service Agent,2026-01-23T12:01:30.913Z,REGULAR,True,1,Portugal,,0,0,NEGATIVE,1.0,DISAPPROVE,1.0,1.0,1.0,NEGATIVE,1.0,1.0,eng
102444425,Good,"Friendly Environment 
Fast Application Process
Good trainers","Some Employees are Homophobic 
Some PC’s not working well
Not enough room for trainings",3,https://www.glassdoor.com/Reviews/Employee-Review--RVW102444425.htm,Operations Costumer Expert I,2026-01-23T11:29:28.553Z,REGULAR,True,1,Cebu City,,0,0,NEUTRAL,3.0,APPROVE,3.0,3.0,3.0,POSITIVE,3.0,3.0,eng
102444406,It's okay.,It's easy to apply with one day application process.,Not enough training rooms for the newbies to use.,3,https://www.glassdoor.com/Reviews/Employee-Review--RVW102444406.htm,Operation Expert I,2026-01-23T11:28:04.583Z,REGULAR,True,1,Cebu City,Have more training rooms for the newbies. Check if all rooms are properly ventilated so the employees won't suffer with heat.,0,0,POSITIVE,5.0,DISAPPROVE,2.0,3.0,1.0,NEGATIVE,2.0,2.0,eng
102440498,"If I could give this place zero stars, I would.","If you're completely new to sales, and new to the country, it could be a comfortable place to work while you're trying to build your resume because you'll likely get to work with big name clients or wait for your PR status to come in - but only for a year or two MAX. Also, somehow, the internal culture among most of your co-workers can be nice because most of you will be bonding over your hatred of the company but even that will get old quickly.","I doubt I even have enough space to describe all the cons with working at TP but I'll try to list them as briefly and concisely as possible: i) low pay, ii) terrible managers, iii) illegal employment practices, iv) racial discrimination, v) sexual harassment, vi) company has a terrible reputation, vii) very limited opportunities for growth in terms of either position or skill/career development, viii) constant gas-lighting from management, ix) there can limited internal mobility within the company between different business lines (but this can vary depending on your ""performance""), x) job is not performance-based, it is based mostly on vanity metrics; I could go on but this company isn't even worth the time I spend hating it.",1,https://www.glassdoor.com/Reviews/Employee-Review--RVW102440498.htm,Business Development Representative (BDR),2026-01-23T08:03:31.457Z,REGULAR,True,2,"Toronto, ON","There's a ton of advice that could be given to management but I seriously doubt they'd care, the place is literally a large-scale scam where they avoid doing any real sales work that would actually drive revenue so they make it their business to sell their vanity metrics to the client as though they're actually helping drive growth; one of the last things management at this company would care about is advice on how to actually do the job given that that's not even why they're there in the first place.",0,0,NEGATIVE,,DISAPPROVE,,,,NEGATIVE,,,eng
102440328,Mi experiencia en TP,Todas las actividades son muy buenas,Torneo de Ping pong para los ejecutivos,5,https://www.glassdoor.com/Reviews/Employee-Review--RVW102440328.htm,Asesor De Ventas Y Atenci n A Clientes,2026-01-23T07:56:19.877Z,REGULAR,True,2,"Bogotá, Bogota",,0,0,POSITIVE,5.0,APPROVE,5.0,5.0,5.0,POSITIVE,5.0,5.0,eng
102438685,Good company,"Overall good company, there are good incentives in some process and also breaks are given more than 1 hour, also for refreshment foosball, Table tennis XBox and PS is also there, some days her colleagues used to spend most of the times in the playing area. Also cafeteria is good.",The yearly appraisal is less but they are good incentives which compensate that that is the only con.,5,https://www.glassdoor.com/Reviews/Employee-Review--RVW102438685.htm,Senior Technical Support Executive,2026-01-23T06:28:18.837Z,REGULAR,False,2,"Jaipur, Rajasthan",No particular advice for management as management keeps on changing and it depends on person to person how they are running the management and taking care of people in the organization and how they treat the employees. So some managers are very good and some managers. No matter how much solution or advice you give they will just behave like that.,0,0,POSITIVE,5.0,APPROVE,5.0,5.0,5.0,POSITIVE,3.0,5.0,eng
102438423,job,work from home about it,short breaks strict KPIs disordered management,2,https://www.glassdoor.com/Reviews/Employee-Review--RVW102438423.htm,Call Center Agent,2026-01-23T06:13:27.443Z,REGULAR,False,0,,,0,0,,,,,,,,,,eng
102437663,Tp not a good fit for permanent job seeker,No Pros except freshers get salary upto 30 k per month,The upper pro is con for we experienced candidate they don't raise hike of experienced candidate it's same like freshers,1,https://www.glassdoor.com/Reviews/Employee-Review--RVW102437663.htm,Customer Service Associate,2026-01-23T05:29:06.093Z,,False,1,Calcutta,TP takes people as their profits and then discard and destroy people 's career by selecting them first then rejecting them and lots of conspiracy,0,0,NEGATIVE,1.0,DISAPPROVE,1.0,1.0,1.0,NEGATIVE,1.0,1.0,eng
102437436,"If you're a fresh grad/getting into the industry, this is a fun opportunity. If not, consider wisely.","- Good colleagues and leaders (but it very much depends on your luck because some teams have it worse)
- Medical benefits, optical and dental claims, gym subsidies
- Workload varies across different teams. If you're up for challenges you will enjoy being in a team with heavy workload and strict SOPs, that's how you seek fun in a repetitive job. Some teams have super easy jobs, but will be repetitive and boring.
- Care about employees' mental health, loads of fun activities for you to attend.
- Salary is okay, with language allowances and/or shift allowances.","- Management is very stingy, will cut benefits/KPIs/employees' fund to spare budget for other stuff.
- BPO companies are overall volatile, be prepared that your team will ramp down suddenly or get transferred to other projects with short notice.
- Promotion is sometimes unfair, candidates with good connection with upper management have a better chance of getting chosen.
- Too many systems with basically similar functions, could've merged them into one.
- Little to no increment or bonus.",2,https://www.glassdoor.com/Reviews/Employee-Review--RVW102437436.htm,Content Moderator,2026-01-23T05:13:51.800Z,REGULAR,False,4,Kuala Lumpur,,0,0,,3.0,,4.0,4.0,5.0,,2.0,5.0,eng
102437080,Great place,Flexibility and great young environmenY and work culture,Salary under the average for account managers,4,https://www.glassdoor.com/Reviews/Employee-Review--RVW102437080.htm,Account Manager,2026-01-23T04:49:05.037Z,REGULAR,True,4,Barcelona,,0,0,POSITIVE,3.0,APPROVE,3.0,5.0,5.0,POSITIVE,4.0,4.0,eng
102436988,It’s great,Very good hourly rate and comfortable work,No cons as long as I’ve been here !,5,https://www.glassdoor.com/Reviews/Employee-Review--RVW102436988.htm,Costumer Service Agent,2026-01-23T04:43:32.097Z,REGULAR,True,1,"Tirana, Tirane",Not any advice,0,0,POSITIVE,5.0,APPROVE,5.0,5.0,5.0,POSITIVE,5.0,4.0,eng
102436952,N/a,U can do it inhouse the payment alright,Its kinda difficult to deal with some members,5,https://www.glassdoor.com/Reviews/Employee-Review--RVW102436952.htm,Customer Service Agent,2026-01-23T04:41:23.463Z,PART_TIME,True,1,"Tirana, Tirane",It might be needed some more free time from agents,0,0,POSITIVE,4.0,APPROVE,5.0,5.0,5.0,POSITIVE,5.0,5.0,eng
102436721,worthy job,"interactive
great place and community
assistance and welcoming place",none the place is great,5,https://www.glassdoor.com/Reviews/Employee-Review--RVW102436721.htm,Customer Service Representative,2026-01-23T04:23:27.450Z,REGULAR,True,2,"Tirana, Tirane",a bit of a rise on salary,0,0,POSITIVE,5.0,APPROVE,5.0,5.0,5.0,POSITIVE,5.0,5.0,eng
