review_id,summary,pros,cons,rating,review_link,job_title,review_datetime,employment_status,is_current_employee,years_of_employment,location,helpful_count,not_helpful_count,business_outlook_rating,career_opportunities_rating,ceo_rating,compensation_and_benefits_rating,culture_and_values_rating,diversity_and_inclusion_rating,recommend_to_friend_rating,senior_management_rating,work_life_balance_rating,language,advice_to_management
102543800,IS&amp;T Review,The new projects are good.,Execution of projects under leaders is bad.,3,https://www.glassdoor.com/Reviews/Employee-Review--RVW102543800.htm,Sr. Software Engineer,2026-01-28T22:58:10.890Z,CONTRACT,False,2,"Austin, TX",0,0,POSITIVE,3.0,NO_OPINION,4.0,1.0,1.0,POSITIVE,2.0,3.0,eng,
102541640,was fun,Challenges were good to work through,the hours were long time,5,https://www.glassdoor.com/Reviews/Employee-Review--RVW102541640.htm,,2026-01-28T20:07:58.143Z,REGULAR,False,1,,0,0,,,,,,,,,,eng,
102541550,Okay job while in school,"Decent pay, Interesting Culture, Stock Options, and other benefits even at part time","Not much room for growth as a technician (in retail) anymore, lots of new metrics added recently that feel similar to other 'big box' retail stores. Not much of a genuine work life balance.",3,https://www.glassdoor.com/Reviews/Employee-Review--RVW102541550.htm,Tech Expert,2026-01-28T20:02:07.653Z,PART_TIME,True,6,,0,0,NEUTRAL,2.0,NO_OPINION,5.0,3.0,4.0,POSITIVE,2.0,1.0,eng,Ease up on all these new metrics. Don't rate your technicians on how many business introductions they can get or how many things they can sell when we are there to fix our relationship with the customers.
102540487,Great place to work,Strong focus on privacy. Beautiful campus. Good work life balance.,"Sometimes teams can be siloed. Many teams working on similar problems but since teams are quite secretive about what they do, this problem exists.",4,https://www.glassdoor.com/Reviews/Employee-Review--RVW102540487.htm,SWE Intern,2026-01-28T18:45:23.367Z,INTERN,True,0,"Cupertino, CA",0,0,,,,,,,,,,eng,
102540112,College job,"Work from home, great for students, bonuses, vested stocks","Strict ACW, back to back calls",3,https://www.glassdoor.com/Reviews/Employee-Review--RVW102540112.htm,Mac+ Technical Support Advisor,2026-01-28T18:20:18.610Z,PART_TIME,False,0,"Tallahassee, FL",0,0,,,,,,,,,,eng,
102537677,"Great College Job, terrible internal promotions","Great benefits as part time, espp, loved my team that I worked with at Micigan Ave","Scheduling, favoritism amongst leadership team - seen a lot with promotions and who gets fired vs a warning, heavy on Apple Care conversions or business intros - hard when we're selling to international customers where they might not have AC+ support, very much lack of ability to move upward unless you drown yourself in Apple (work, sacrifice your time for them), some leaders do not lead by example (but they've been fired - just took wayyyy too long)",3,https://www.glassdoor.com/Reviews/Employee-Review--RVW102537677.htm,Sales Specialist,2026-01-28T15:28:15.107Z,PART_TIME,False,4,"Chicago, IL",0,0,NEUTRAL,2.0,NO_OPINION,5.0,4.0,5.0,POSITIVE,3.0,3.0,eng,"Quit the favoritism, and treat the hard working employees well who deserve the promotions and tell the difference if someone is doing well or just trying to suck up to you. This isn't corporate sales - relax a bit."
102537409,Great,"- Great benefits
- Good pay
- Great company culture","- Very secretive, can't learn what other teams are doing and how
- General sterile California vibe (very PC, etc.)",5,https://www.glassdoor.com/Reviews/Employee-Review--RVW102537409.htm,Software Engineer,2026-01-28T15:09:50.243Z,INTERN,False,1,"Cupertino, CA",0,0,POSITIVE,5.0,APPROVE,5.0,5.0,5.0,POSITIVE,5.0,5.0,eng,
102537240,Make a Difference for our Senior Community- Great Benefits- High Stess,"A Culture of Connection and Innovation Apple provides an environment where the ""human element"" is truly prioritized in the customer journey. The commitment to Steps of Service allows Specialists to go beyond simple transactions and build genuine rapport. Additionally, the peer-to-peer support is exceptional; working alongside highly skilled Technicians and fellow Specialists creates a collaborative atmosphere where everyone is trying to deliver excellence despite operational hurdles. It is a fast-paced, high-energy environment that rewards those who thrive on problem-solving and authentic connection.","Operational Strains and Leadership Visibility Gaps The primary challenge lies in the disconnect between ""peak volume"" and ""leadership presence."" During high-traffic periods, there is often a lack of visible management on the floor, leaving Specialists and Leads to navigate escalations, overrides, and sales guidance without adequate support. This often results in ""vague promises"" to customers (e.g., ""someone will be with you momentarily"") rather than actual service. When managers remain in back-office admin roles during these critical windows, it places an immense burden on the frontline team, leading to burnout and a feeling of being ""stretched beyond capacity.""",4,https://www.glassdoor.com/Reviews/Employee-Review--RVW102537240.htm,Specialist,2026-01-28T14:59:48.623Z,PART_TIME,True,1,"Minnetonka, MN",0,0,POSITIVE,5.0,APPROVE,5.0,3.0,5.0,POSITIVE,3.0,5.0,eng,"Lead by Example with a ""Triage"" Mindset To elevate store efficiency, leadership should adopt a more proactive, triage-inspired approach during peak hours. When the floor is at capacity, managers shouldn't just be ""visible"", they should be active participants in the initial Steps of Service.  Active Discovery: Instead of telling a customer ""it will be a moment,"" initiate the ""Group Discovery"" or ""Probing"" steps to begin a bag for the Specialist. This mirrors a healthcare intake process and ensures the customer feels ""seen"" immediately.

Structured Rotations: Implement clearer structures for when managers transition from admin tasks to floor support.

Accessibility: Ensure there is always a clearly designated leader on the floor who is not solely tied to a single customer interaction, but available to support the team with overrides and escalations. Modeling the behavior you want to see will significantly boost team morale and operational flow."
102526022,Good start,work life balance is okay and pay is good,"No serious cons, no good snacks in pantry",5,https://www.glassdoor.com/Reviews/Employee-Review--RVW102526022.htm,Design Engineer,2026-01-28T06:31:55.163Z,REGULAR,True,4,Singapore,0,0,POSITIVE,,APPROVE,,,,POSITIVE,,,eng,
102515482,Great place to work,"Respectful peers, passionate colleagues, nice environment",Hard to get promotion at IC level,5,https://www.glassdoor.com/Reviews/Employee-Review--RVW102515482.htm,,2026-01-27T17:25:40.547Z,REGULAR,True,0,,0,0,,,,,,,,,,eng,
102515482,Great place to work,"Respectful peers, passionate colleagues, nice environment",Hard to get promotion at IC level,5,https://www.glassdoor.com/Reviews/Employee-Review--RVW102515482.htm,,2026-01-27T17:25:40.547Z,REGULAR,True,0,,0,0,,,,,,,,,,eng,
102515033,Good Jib,Good pay for what you do. Benefits as a part timer.,Not a lot of full time opportunities. Can be difficult to get into higher roles,4,https://www.glassdoor.com/Reviews/Employee-Review--RVW102515033.htm,Technical Expert,2026-01-27T16:53:31.473Z,PART_TIME,True,0,"Tacoma, WA",0,0,,,,,,,,,,eng,
102513768,Good starting job,"Great culture
Great teammates
Discount/services","Micromanage
Not enough time off
Overworked
Not enough pay
Hard to move up",3,https://www.glassdoor.com/Reviews/Employee-Review--RVW102513768.htm,Retail Sales Associate,2026-01-27T15:23:06.020Z,REGULAR,False,6,"Rancho Cucamonga, CA",0,0,NEUTRAL,3.0,NO_OPINION,2.0,4.0,4.0,NEGATIVE,1.0,1.0,eng,"Open up more positions
Actually teach people how to develop"
102513455,Intern experience,"Awesome, smart people. Great workplace.",Nothing to add for this section.,5,https://www.glassdoor.com/Reviews/Employee-Review--RVW102513455.htm,Software Engineer(Internship),2026-01-27T15:00:40.123Z,INTERN,False,0,"Cupertino, CA",0,0,,,,,,,,,,eng,
102513429,good and fun experience,"good working environment, get to meet lots of nice people","lots of pressure, leadership care more about a few kpis rather than overall selling.",4,https://www.glassdoor.com/Reviews/Employee-Review--RVW102513429.htm,Retail Sales Associate,2026-01-27T14:59:09.130Z,,False,1,"Cambridge, England",0,0,POSITIVE,4.0,NO_OPINION,4.0,4.0,4.0,POSITIVE,4.0,4.0,eng,
102512543,Good,Nice work! Great people! Fun!,"Long hours, dirty, long travel.",5,https://www.glassdoor.com/Reviews/Employee-Review--RVW102512543.htm,Janitor,2026-01-27T14:03:50.533Z,PART_TIME,True,2,New Delhi,0,0,,,,,,,,,,eng,
102512216,Grea time,"Great Pay
Great work environment",Rude boss and smelled off.,5,https://www.glassdoor.com/Reviews/Employee-Review--RVW102512216.htm,Member Of Technical Staff,2026-01-27T13:47:04.217Z,FREELANCE,True,2,"Pittsburgh, PA",0,0,POSITIVE,,APPROVE,,,,POSITIVE,,,eng,
102510041,Student position,"Flexible hours, respecting the need for me to study",Can not work from home,5,https://www.glassdoor.com/Reviews/Employee-Review--RVW102510041.htm,Test Engineer Intern,2026-01-27T11:55:08.773Z,PART_TIME,False,0,Tel Aviv-Yafo,0,0,,,,,,,,,,eng,
102509963,Apple expert,"good discount
Product knowledge
Customer service","retail
Long hours
Lack of progression",5,https://www.glassdoor.com/Reviews/Employee-Review--RVW102509963.htm,Expert,2026-01-27T11:50:03.440Z,REGULAR,True,0,"London, England",0,0,,,,,,,,,,eng,
102502598,It was fine,Not bad and very bad at the same time,Really enjoyed the buffet. They had a lot of good food.,3,https://www.glassdoor.com/Reviews/Employee-Review--RVW102502598.htm,Business Anakyst,2026-01-27T06:39:29.303Z,,True,0,"Los Altos, CA",0,0,,,,,,,,,,eng,
102472394,AppleCare,"Work at home 
Good team 
Good management",None as they are doing great,5,https://www.glassdoor.com/Reviews/Employee-Review--RVW102472394.htm,Apple Care AHA Advisor,2026-01-25T21:42:48.093Z,REGULAR,True,4,"Denver, CO",0,0,POSITIVE,5.0,APPROVE,5.0,5.0,5.0,POSITIVE,5.0,5.0,eng,None
102471582,Great but place is changing,"Great benefits and culture within 
Lots of room for growth
Wages/stocks and plenty of benefits that are lgbtq inclusive and great for parents or people in school.
Supportive management at my locations","Some of your great work goes unnoticed.
You’re only as good as last weeks results. That’s how it started feeling. Behaviors and putting the customer first was def how Apple started. Now it feels like a mill just trying to hit all transaction points and work with as many customers as once as you can.",4,https://www.glassdoor.com/Reviews/Employee-Review--RVW102471582.htm,Product Expert,2026-01-25T19:56:33.680Z,PART_TIME,False,4,"Miami, FL",0,0,POSITIVE,5.0,NO_OPINION,5.0,5.0,5.0,POSITIVE,5.0,4.0,eng,Get back to a behavior standpoint focusing more on Apple steps of service then how many customers one person can take.
102468970,Great for students!,"Great Benefits like tuition reimbursement 
Flexible with work schedule",High competition for growth or promotions,5,https://www.glassdoor.com/Reviews/Employee-Review--RVW102468970.htm,Specialist,2026-01-25T14:32:01.933Z,PART_TIME,True,4,"Vancouver, BC",0,0,POSITIVE,4.0,APPROVE,5.0,5.0,4.0,POSITIVE,4.0,5.0,eng,
102466230,Good place,"Proffessionals and team players, helping a lot","Far from home, at least for me",5,https://www.glassdoor.com/Reviews/Employee-Review--RVW102466230.htm,Working Student,2026-01-25T09:44:46.653Z,PART_TIME,False,0,Herzliya,0,0,,5.0,APPROVE,5.0,5.0,5.0,POSITIVE,5.0,5.0,eng,
102465322,Great,Pretty good company w/good people.,Long hours for work and customers,5,https://www.glassdoor.com/Reviews/Employee-Review--RVW102465322.htm,Sales Associate,2026-01-25T08:09:37.590Z,REGULAR,False,2,"Georgiaville, RI",0,0,,5.0,,4.0,,,,,,eng,Na
102464620,Apple,Work life balance very good,Not enough grow up opportunities,4,https://www.glassdoor.com/Reviews/Employee-Review--RVW102464620.htm,Engineers,2026-01-25T06:53:09.470Z,REGULAR,False,0,Cork,0,0,,,,,,,,,,eng,
102464161,Great,Great leaders the foster development,No room for growth being remote,5,https://www.glassdoor.com/Reviews/Employee-Review--RVW102464161.htm,Fraud Operations Specialist,2026-01-25T05:55:25.883Z,REGULAR,True,20,"West Palm Beach, FL",0,0,POSITIVE,2.0,APPROVE,3.0,4.0,5.0,POSITIVE,5.0,5.0,eng,
102463374,Built 0 to 1 products,"Awesome company, superb place to work at","No cons, company food could be better",5,https://www.glassdoor.com/Reviews/Employee-Review--RVW102463374.htm,CEO-Founder,2026-01-25T03:51:43.690Z,REGULAR,True,20,Anna Nagar West,0,0,,,,,,,,,,eng,
102461719,great,great company to work for,location of the job role,5,https://www.glassdoor.com/Reviews/Employee-Review--RVW102461719.htm,Firware Engineer,2026-01-24T22:21:08.160Z,REGULAR,True,0,"California City, CA",0,0,,,,,,,,,,eng,
102459161,Great culture,Great company culture and smart teammates. Learned a lot.,Some folks lead with ego,4,https://www.glassdoor.com/Reviews/Employee-Review--RVW102459161.htm,Employee Relations Specialist,2026-01-24T15:05:07.757Z,REGULAR,False,0,"Cupertino, CA",0,0,POSITIVE,3.0,APPROVE,5.0,4.0,5.0,POSITIVE,3.0,2.0,eng,Be mindful of long hours and burn out
